title,preview
NASA's Curiosity Rover Finds an Ancient Oasis on Mars,"New evidence suggests salty, shallow ponds once dotted a Martian crater â€” a sign of the planet's drying climate."
NASA's New Mars Rover Is Ready for Space Lasers,Perseverance is one of a few Mars spacecraft carrying laser retroreflectors. The devices could provide new science and safer Mars landings in the future.
NASA's Mars 2020 Rover Closer to Getting Its Name,"155 students from across the U.S. have been chosen as semifinalists in NASA's essay contest to name the Mars 2020 rover, and see it launch from Cape Canaveral this July."
"NASA's Perseverance Rover Goes Through Trials by Fire, Ice, Light and Sound","The agency's new Mars rover is put through a series of tests in vacuum chambers, acoustic chambers and more to get ready for the Red Planet."
From JPL's Mailroom to Mars and Beyond,"Bill Allen has thrived as the mechanical systems design lead for three Mars rover missions, but he got his start as a teenager sorting letters for the NASA center."
Common Questions about InSight's 'Mole',"The following Q&As with members of the team answer some of the most common questions about the burrowing device, part of a science instrument called the Heat Flow and Physical Properties Package (HP3)."
NASA Updates Mars 2020 Mission Environmental Review,NASA and the Department of Energy have completed a more detailed risk analysis for the Mars 2020 rover launch from Florida.
"While Stargazing on Mars, NASA's Curiosity Rover Spots Earth and Venus",This new portrait of the Red Planet's neighbors was taken during a time when there's more dust in the air on Mars.
Mars Is Getting a New Robotic Meteorologist,Sensors on NASA's Perseverance will help prepare for future human exploration by taking weather measurements and studying dust particles.
MOXIE Could Help Future Rockets Launch Off Mars,"NASA's Perseverance rover carries a device to convert Martian air into oxygen that, if produced on a larger scale, could be used not just for breathing, but also for fuel."
NASA's Briefcase-Size MarCO Satellite Picks Up Honors,"The twin spacecraft, the first of their kind to fly into deep space, earn a Laureate from Aviation Week & Space Technology."
"All About the Laser (and Microphone) Atop Mars 2020, NASA's Next Rover",SuperCam is a rock-vaporizing instrument that will help scientists hunt for Mars fossils.
Mars 2020 Unwrapped and Ready for More Testing,"In time-lapse video, bunny-suited engineers remove the inner layer of protective foil on NASA's Mars 2020 rover after it was relocated for testing."
NASA's Mars Helicopter Attached to Mars 2020 Rover ,The helicopter will be first aircraft to perform flight tests on another planet.
Two Rovers to Roll on Mars Again: Curiosity and Mars 2020,"They look like twins. But under the hood, the rover currently exploring the Red Planet and the one launching there this summer have distinct science tools and roles to play."
